menu_id,father_menu_id,menu_class,menu_order,menu_name,file_name,href_target,is_online,lang,inquiry_type,meta_title,meta_description,meta_keywords,og_title,og_alt,og_img,og_url
1,,main,1,Home,index.php,_self,1,en,1,"MiTAC Digital- Automotive electronics, AIOT, industrial tablet","MiTAC Digital Technology (MDT) helps users navigate life with passion in automotive electronics. MDT is also at the forefront of innovation in the fields of AIoT and industrial tablets. We take our customer in new and exciting directions with thoughtful designs that reflect highest principles of quality and ingenuity.","Automotive electronic,dashcam,connected dashcam,Video telematics solution,AIOT,industrual tablet,semi-rugged tablet,handy industrial tabelt,navigation solution",,,,
2,,main,2,"Product & Solution",,_self,0,en,1,,,,,,,
3,,main,4,Capability,,_self,1,en,1,,,,,,,
4,,main,5,Services,services.php,_self,1,en,1,"MiTAC Digital Technology Worldwide Service Centers","For our own brand service, Mio, Navman, and Magellan, we have contact centers and fulfillment centers in Europe, America, Oceania, and Asia to provide users with in-time technical supports. We also have regional service centers to provide complete and convenient services. Thru our advanced CRM system, we offer easy-to-access supports to users, at the same time, fully understanding their needs and what they care. Not only be close to our users, we continue to improve our overall quality and pursue excellence, which is our commitment and insistence.","MDT Worldwide Service Centers,Technical Support Flow",,,,
5,7,main,8,CSR,csr.php,_self,1,en,1,"Discover MDT - Corporate Social Responsibility","We take company’s responsibility and influence very seriously. We have increased our accountability and commitment towards the environment and society, along with our employees and stakeholders. We hope to improve our strengths and overall performance to embrace a brighter, sustainable future alongside our partners.","Corporate Social Responsibility",,,,
6,7,main,9,Press,press-events-list.php,_self,1,en,1,"Discover MDT - Events and Press","All related information regarding to MDT’s company information, news release, worldwide tradeshow event, product launch details, and our event record since 2018.","MDT Event,MDT news,MDT press release",,,,
7,,main,8,"Discover MDT",,_self,1,en,1,,,,,,,
8,,main,9,Contact,,_self,1,en,1,,,,,,,
9,2,main,1,Automotive,automotive.php,_self,0,en,1,"Products- Automotive Electronics","MDT integrates hardware and software solutions, including DashCams, smart cameras, navigation systems, and advanced driver assistance systems(ADAS).","Automotive electronic,dashcam,connected dashcam,navigation,navigation solution",,,,
10,2,main,2,AIoT,aiot.php,_self,0,en,1,AIOT,"MDT continues to move ahead with connected car (connected camera) and smart city (lighting, monitoring, sensing) solutions.","Video Telematics Solution,Smart City,Smart Camera,ADAS,DMS,Fleet Management,Fleet Solution,4G/LTE dashcam,AI dashcam,Smart Dashcam,Connected dashcam,cellur dashcam",,,,
11,2,main,3,Professional,professional.php,_self,0,en,1,"MiTAC Digital Technology - Professional","A range of Industrial Tablet and industrial handy terminal that make transport, retail, hospitality, healthcare, and industrial processes more efficient and cost-effective.","Industrial tablet,Handheld tablet,Fleet tablet,Rugged tablet,Semi-rugged tablet,4G,Mobility,Vehicle cradle,Warehousing,Logistics,Healthcare,IOT,Harsh environment,Forklift,AER (Android Enterprise Recommended),Android GMS,MDM",,,,
12,3,main,100,Engineering,engineering.php,_self,0,en,1,,"A strong partnership is essential in the ever-growing fields of automotive electronics and AIoT applications. To help our customers reach its full potential, MDT’s commitment in creating value differentiation is achieved through discovering technological breakthroughs and delivering quality products tailored to customer specifications.",,,,,
13,3,main,3,"Quality Management",quality-management.php,_self,1,en,1,"Capability- Quality Management","We apply six processes to our rigorous quality control principles — DQ, CE, SQA, PQA, OQA, and Service — to ensure all MDT products meet the strictest standards before delivery to our customer.","ISO9001,IATF 16949,ISO/IEC 17025:2017,CNS 17025:2018,Mechanical Stress test,Material test,IPXX and ATM test,Telecom test",,,,
14,3,main,4,"Manufacturing Excellence",manufacturing-excellence.php,_self,1,en,1,"Capability - Manufacturing Excellence","MDT’s 1,790,000-square-foot manufacturing site in China is certified to ISO 9001, ISO14001, IHSAS18000,IATF16949, ISO13485, and GMP standards. Our advanced automated production facilities and quality management system allow MDT to efficiently output high-quality products that fulfill our customers’ unique demands.",,,,,
15,7,main,1,"Company Overview",company-overview.php,_self,1,en,1,"Discover MDT -  About Us","We value the contributions and talent of the individual and therefore place the utmost importance on fostering an environment conducive to personal growth and success. Our passion for our work is evident in all we do and translates into our customers’ trust and satisfaction.",,,,,
16,7,main,2,"MiTAC Holdings",MiTAC-holdings.php,_self,1,en,1,"Discover MDT -MiTAC Holdings","MiTAC-SYNNEX Group, a multinational business group established in 1945. Its scope of businesses covers the computer, consumer electronics, IT channel, system integration, software development, petrochemical, industrial gases and food processing industries.","MiTAC-SYNNEX group",,,,
17,7,main,3,Milestone,milestone.php,_self,0,en,1,,,,,,,
18,7,main,4,"Own Brands",own-brands.php,_self,1,en,1,"Discover MDT - Own Brands ","We provide more than just ODM designing foundry services. Because of the value of the brand, we can have more flexible business models and business opportunities. We include Mio, Magellan and Navman, which are affiliated with the MDT.",,,,,
19,7,main,5,"Global Glory",global-glory.php,_self,1,en,1,"Discover MDT - Global Glory","Brands of MDT won hundreds of worldwide awards, such as IF design award, Best Choice and Taiwan Excellance...etc. the record show our brand’s awareness and brand reputation are fully aware for worldwide customer.","Taiwan Excellance,iF Award,Award record",,,,
20,8,main,1,"General Inquiry",general-inquiry.php,_self,1,en,1,"Welcome to contact MDT","A trusted leader in automotive electronics , MiTAC Digital Technology (MDT) helps users navigate life with passion, positivity and a drive to keep moving forward. Beyond automotive electronics , MDT is at the forefront of innovation in the fields of AIoT and industrial tablets. We take our customer in new and exciting directions with thoughtful designs that reflect highest principles of quality and ingenuity.","We value our customer's feedback, we keep our commiement to our customer from business to individuals. welcome to contact MDT anytime,  we can make success together.",,,,
21,8,main,2,"Global Operation",global-operation.php,_self,1,en,1,"Global Operation","MDT coverage includes China, Taiwan, Europe, North America, Russia and Australia. There are 13 office / factories in total. We offer prompt reply and service to our customer in each region.","Global site",,,,
22,8,main,3,Recruitment,recruitment.php,_self,1,en,1,Carrers,"MDT encourages a welcoming, respectful, and diverse working environment. We are seeking energetic and talented elites who are looking for challenging opportunities. We invite you to build your career and grow with us!",Recruitment,,,,
23,,policy,1,"Cookie Policy",cookie-pocily.php,_self,1,en,1,,,,,,,
24,,policy,2,"Privacy Policy",privacy-policy.php,_self,1,en,1,,,,,,,
25,,policy,3,"Terms of Use",terms-of-use.php,_self,1,en,1,,,,,,,
26,,policy,4,Trademark,trademark.php,_self,1,en,1,,,,,,,
31,,main,1,首頁,index.php,_self,1,tw,1,"神達數位 - 車用電子及智聯網解決方案的領導廠商",神達數位是一個廣受信賴的車用電子領導廠商，除了車用電子，我們也是智聯網，專業平板領域的創新先驅者，我們以GPS和影像處理核心技術，滿足客戶實際需求，並以體貼入微的設計反映對品質的高標準及設計巧思，創造追求創新、持續成長的企業氛圍，不斷引領客戶朝向嶄新且引人入勝的方向前進。神達數位擁有強大的技術支援團隊、嚴謹的品質管理六大程序以及符合ISO國際標準的生產製造流程，可確保所有產品在送達客戶端之前皆已通過最嚴格的把關標準。歡迎隨時聯繫了解更多關於神達數位。,"車用電子,行車記錄器,連網行車記錄器,車載視訊解決方案,智聯網,工業平板,強固型平板,手持式工業平板,導航解決方案",,,,
32,,main,2,"產品 & 解決方案",,_self,0,tw,1,,,,,,,
33,,main,4,技術支援,,_self,1,tw,1,,,,,,,
34,,main,5,服務,services.php,_self,1,tw,1,全球服務中心資訊,"神達數位針對旗下的自有品牌Mio，Navman，以及Magellan，在歐洲，美洲，大洋洲，及亞洲都有設立客戶諮詢中心，提供使用者即時的支援服務，同時亦設有區域維修中心，提供安心便利的完整服務。 藉由先進的CRM系統，提供便利的服務，並能瞭解客戶在乎的需求。除了貼近客戶之外，我們不斷的提升品質並追求卓越，這一直是神達數位的承諾與堅持。","全球服務據點,技術支援流程",,,,
35,37,main,7,企業社會責任,csr.php,_self,1,tw,1,企業社會責任,我們珍惜企業的影響力，將誠信正直道德標準與永續理念融入行為準則，由主管到每位員工，累積無數個行動力，繼續提高對環境、社會、員工與股東應承擔的責任與承諾，強化既有優勢與營運績效，攜手價值鏈上的各方夥伴，迎向一個永續共好的未來。,企業社會責任,,,,
36,37,main,8,最新消息,press-events-list.php,_self,1,tw,1,最新消息,神達數位自2018年成立迄今的所有相關對外資訊，包括新聞資訊、新聞稿、海內外展覽活動資訊、國內外參展紀錄、品牌相關區域性產品上市資訊等，皆可在此查詢、揭露。,"神達數位參展紀錄,神達數位最新消息,神達數位新聞稿",,,,
37,,main,7,關於我們,,_self,1,tw,1,,,,,,,
38,,main,8,聯絡我們,,_self,1,tw,1,,,,,,,
39,32,main,5,車用電子,automotive.php,_self,0,tw,1,車用電子產品,我們創建一套整合軟硬體的完整解決方案，針對車用環境提供完整性的軟硬體服務，內容包含針對一般消費者設計的行車記錄器、車隊管理商用智慧攝影機，導航系統以及先進駕駛輔助系統等。,"車用電子,行車記錄器,連網行車記錄器,導航解決方案,導航系統與軟體",,,,
40,32,main,6,智聯網,aiot.php,_self,0,tw,1,智聯網,神達數位兼具資通訊與汽車產業領導者角色，以車載視訊解決方案(雲端攝影機)和智慧城市(照明、監控、感測)解決方案，在智連網領域不斷與時俱進，並持續提供更創新的思維及解決方案。,"車載視訊解決方案,智慧城市,智能攝像頭,智能攝影機,先進駕駛輔助系統,駕駛行為分析,車隊管理,4G/LTE行車記錄器,AI行車記錄器,聯網行車記錄器",,,,
41,32,main,7,專業平板,professional.php,_self,0,tw,1,專業平板,神達數位開發出一系列以安卓系統為架構的工業平板與工業用手持終端機，包含5寸、7寸以及10寸等三種尺寸，分別適用於車隊管理、物流、觀光、醫療和工業領域，能節省成本並提升工作效率。,"工業用平板,手持式平板,車隊管理用平板,強固型平板,半強固型平板,4G,行動裝置,車用支架,倉儲管理,物流管理,醫療領域,物聯網,惡劣環境,叉車/堆高機,安卓系統推薦,安卓系統行動服務,行動裝置管理服務",,,,
43,33,main,3,品質管理,quality-management.php,_self,1,tw,1,品質管理,"我們運用六個程序在嚴謹的品質管理準則中- DQE(設計品質)，CE(零件品質)，SQA(軟體品質)，PQA(程序品質)，OQA(成品品質)，Service(服務)，以確保所有神達位的產品在送達客戶端之前皆已通過最嚴格的把關標準。","ISO9001,IATF 16949,ISO/IEC 17025:2017,CNS 17025:2018,機構壓力測試,材料測試,防水測試,通訊測試",,,,
44,33,main,4,生產製造,manufacturing-excellence.php,_self,1,tw,1,生產製造,神達數位位於中國的生產製造基地占地一百七十萬九千平方英尺，擁有ISO9001、ISO14001、IHSAS18000、IATF16949、ISO13485、GMP等多項國際認證，先進的自動化生產設備及嚴謹的品管系統，能夠提供高品質產品，滿足客戶特殊需求。,,,,,
45,37,main,1,公司簡介,company-overview.php,_self,1,tw,1,關於神達數位股份有限公司,神達數位是一個廣受信賴的車用電子領導廠商，帶領使用者正面熱情地找尋人生方向並持續向前邁進。除了車用電子，我們也是智聯網，專業平板領域的創新先驅者，我們體貼入微的設計反映對品質的高標準及設計巧思，引領客戶朝向嶄新且引人入勝的方向前進。,"經營理念,核心價值,企業概要",,,,
46,37,main,2,聯華神通集團,MiTAC-holdings.php,_self,1,tw,1,聯華神通集團,"聯華神通集團成立於1945年，是一個跨國事業集團。 集團經營領域跨足電腦、消費電子、IT 通路、系統整合、軟體研發、石油化學、工業氣體、及食品加工等領域。",聯華神通集團,,,,
47,37,main,3,里程碑,milestone.php,_self,0,tw,1,,,,,,,
48,37,main,4,品牌介紹,own-brands.php,_self,1,tw,1,品牌介紹,神達數位旗下包含Mio、Magellan以及Navman三大品牌，在亞洲、歐洲、美洲以及紐澳地區分別在市場佔領車用電子相關領域的領導地位。旗下品牌致力於開發更貼近於消費者使用需求的消費性車用電子產品。,"Mio,Navman,Magellan",,,,
49,37,main,5,得獎紀錄,global-glory.php,_self,1,tw,1,得獎紀錄,"神達數位旗下品牌自成立至今榮獲上百件國內外大型獎項，包含IF award, Best Choice, 臺灣精品獎等各項指標性大獎，在消費者心目中奠定良好的品牌識別及指定度。","台灣精品獎,iF設計大獎,得獎紀錄",,,,
50,38,main,1,聯絡我們,general-inquiry.php,_self,1,tw,1,,,,,,,
51,38,main,2,全球據點,global-operation.php,_self,1,tw,1,全球據點,神達數位全球據點涵蓋中國、台灣、歐洲、北美、俄羅斯及澳洲等區域，包含辦公區域以及產品生產工廠。共計13個據點，針對各區域業務及客戶需求，提供最即時有效的服務。,全球營運據點,,,,
52,38,main,3,加入神達數位,recruitment.php,_self,1,tw,1,人才招募,人才招募,人才招募,,,,
53,,policy,1,Cookie條款,cookie-pocily.php,_self,0,tw,1,,,,,,,
54,,policy,2,隱私權條款,privacy-policy.php,_self,1,tw,1,,,,,,,
55,,policy,3,使用條款,terms-of-use.php,_self,1,tw,1,,,,,,,
56,,policy,4,商標,trademark.php,_self,1,tw,1,,,,,,,
57,,policy,5,個人資料保護應告知事項,personal-protect.php,_self,1,tw,1,,,,,,,
58,37,main,6,投資人資訊,https://www.mitac.com/zh-TW/ir_information/index,_target,1,tw,1,投資人資訊,神達數位隸屬神達投控旗下，其財務報告、投資人相關資訊、股東會資訊、企業CSR報告以及企業相關文件下載等資訊連結，皆以MiTAC神達投控揭露之資訊為主。,投資人資訊,,,,
59,7,main,6,"Investor Relations",investor-relations.php,_self,0,en,1,,,,,,,
60,33,main,2,創新研發,innovative-engineering.php,_self,1,tw,1,創新研發,神達數位持續在車用電子、智聯網領域積極創造價值差異化，每年持續提出多項技術專利，追求創新與突破。提供精良穩定的產品，滿足客戶特殊需求，成為值得信賴的夥伴。,"10米電磁相容實驗室,車用光學系統,成像技術,Qualcomm平台,AMBA平台,駕駛監控系統,Google MobileNet,先進駕駛輔助系統,自動化測試,雲端後台服務,GPS軌跡,行車影像,雲端備份",,,,
61,3,main,2,"Innovative Engineering",innovative-engineering.php,_self,1,en,1,"Capability - Innovative Engineering","MDT has earned a number of technology patents in the fields of automotive electronics and AIoT. As we remained resolute in the pursuit of innovation and discovering breakthroughs, we have also earned the trust of many business partners by providing superior and reliable products to meet their special needs.","10M EMC lab,Automotive Camera Optics,Imaging Technology,Qualcomm platform,AMBA platform,DMS (Driver Monitoring System),Google MobileNet,ADAS (Advanced Driver Analysis System) ,Automated design processes,Cloud services,GPS tracking,view dashcam image,cloud backups in real time",,,,
62,33,main,1,核心能力,core-competence.php,_self,1,tw,1,核心能力,"神達數位在通過IATF16949認證基礎下，整合『先進AI視覺解決方案』(Vision AI)、『精準衛星定位系統』(Position)、『智慧聯網功能』(Connectivity)三大核心技術，成功掌握市場趨勢，在行車安全警示(Driving Safety)、行動定位服務(Local service)以及實時資訊監管(Real-time Information)等領域持續發展創新且新穎的核心能力。並以不斷精進的差異化實力，成為車用電子產品到專業平板延續至智聯網領域中主要的產品及系統解決方案提供者。","先進AI視覺解決方案,精準定位系統,智慧聯網功能,行車安全警示,行動定位服務,實時資訊監管,交通行動服務網,半強固型車用平板,車聯網通訊盒,車載視訊解決方案,駕駛行為分析解決方案,車隊路徑管理系統,行動裝置中控管理平台",,,,
63,3,main,1,"Core Competence",core-competence.php,_self,1,en,1,"Capability - Core Competence","As an IATF16949 certification recipient, MiTAC Digital Technology (MDT) has successfully grasped current market trends by incorporating the three key technologies of Vision AI, Position, and Connectivity into the development of new and innovative core capabilities in driving safety, local services, and real-time information.","Vision AI,Position,Connectivity,Driving safety,Location Service,Real-time information,MaaS,semi-rugged tablet,T-BOX,Video Telematics,DMS (driver behavior analysis),Fleet management ,Vehicle (IoV) products,return-to-route solutions,mobile device management",,,,
64,,main,3,Solution,null,_self,0,en,1,,,,,,,
65,148,main,1,"Video Telematics",video-telematics.php,_self,0,en,2,"Video Telematics | Smart Telematics | MiTAC","MiTAC connected dashcam series can provide an all-in-one fleet connected camera solution which helps fleet managers evolve their solutions into forward-thinking video telematics.",,,,,
66,148,main,2,Navigation,navigation.php,_self,0,en,1,"Navigation | Smart Telematics | MiTAC","MiTAC dependable and comprehensive GPS navigation systems for cars eliminate any uncertainty while driving.",,,,,
67,65,main,1,"Smart Dash Cam",smart-dashcam.php,_self,0,en,1,"Video Telematics - Smart Dash Cam","MDT offers full-functioned GPS navigation solutions, including daily commute navigation, off-road navigation, and RTR solution for commercial and municipal fleets.","Smart dash cam,Smart Camera,Connected Dashcam",,,,
68,148,main,3,"Fleet Management",fleet-management.php,_self,1,en,1,"Fleet Management | Smart Telematics | MiTAC","MiTAC fleet tablets are purpose-built for the toughest automotive environments. Extensive connectivity capabilities and a dedicated fleet cradle for Telematics integration ensures effortless tracking and data capture. ",,,,,
69,65,main,3,"Safety Enhancement",safefy-enhancement.php,_self,0,en,1,"Fleet Driver Safety Program Solutions","Best Fleet Driver Safety Program Solutions, includes ADAS, DMS, Remote Assistance, Tamper-proof Housing, Safety Camera Alert and Solution Benefit.","ADAS,DMS,Safety Camera Alert,Remote Asistance",,,,
70,65,main,4,"Efficiency Improvement",efficiency-improvement.php,_self,0,en,1,"Driving Analysis Program for Efficiency Improvement","Best Driving Analysis Program for Efficiency Improvement, using Analysis Report, GPS Tracking, Event Notification and Live Streaming.","Analysis Report,GPS Tracking,Live Streaming,Event Notification",,,,
71,65,main,5,"Business Collaboration",business-collaboration.php,_self,0,en,1,"Business Collaboration","The best Partner for Video Telematics, offering Quick integration with your fleet platform, Standards and quality management and Professional camera solutions for commercial fleets.","Quick integration,all types of commercial fleets",,,,
72,,main,3,解決方案,,_self,0,tw,1,,,,,,,
73,113,main,1,車載視訊,video-telematics.php,_self,0,tw,2,"車載視訊 | 智慧車載資通訊 | 神達數位",神達數位聯網型行車記錄器系列是一體式車隊互聯鏡頭解決方案，可更有前瞻性地幫助車隊經理解決視頻遠程信息處理。,,,,,
74,113,main,2,導航,navigation.php,_self,0,tw,1,"導航 | 智慧移動 | 神達數位","神達數位可靠且全方位的GPS 導航系統能夠消除行車時的不確定性因素。",,,,,
75,73,main,1,智能行車記錄器,smart-dashcam.php,_self,0,tw,1,智能行車記錄器,提供全方位GPS導航解決方案，範圍涵蓋一般道路導航、汽車越野導航、車隊管理導航、商用及公用車隊往返路徑管理解決方案。一般使用者或商業用途夥伴，都可以獲得滿足。,"智能行車記錄器,聯網型行車記錄器",,,,
76,113,main,3,車隊管理,fleet-management.php,_self,1,tw,1,"車隊管理 | 智慧車載資通訊 | 神達數位",神達數位車隊平板電腦專為車隊行車環境所設計。廣泛的連網功能整合了車載資訊，確保效率的行程追蹤和數據管理。,,,,,
77,73,main,3,強化安全,safefy-enhancement.php,_self,0,tw,1,車隊駕駛安全系統解決方案,最佳車隊駕駛安全系統解決方案，功能涵蓋：高級輔助駕駛系統（ADAS）、駕駛行為偵測系統（DMS）、遠端輔助、高級哨兵防護模式、防竄改外殼、超速拍照警示、資料呈現。,"ADAS, DMS,Safety Camera Alert,Remote Asistance",,,,
78,73,main,4,提升效率,efficiency-improvement.php,_self,0,tw,1,"駕駛行為分析系統","神達數位擁有可有效提升效率的最佳駕駛行為分析系統，利用分析報告、GPS 追蹤、事件通知以及即時串流等工具，可有效提升車隊物流運送效率及掌握車隊駕駛即時資訊。","分析報告,GPS追蹤,即時串流,事件通知",,,,
79,73,main,5,商業合作,business-collaboration.php,_self,0,tw,1,"商業合作夥伴",神達數位是您車載視訊解決方案的最佳夥伴，可用於迅速與您現有的車隊平台進行整合、嚴格的工廠管理標準與品質管理及各類商業車隊的專業攝影機解決方案。,"車隊平台進行整合,商業車隊的專業攝影機解決方案",,,,
80,8,main,4,"Cyber Security",cyber_security.php,_self,1,en,1,,,,,,,
81,2,main,0,"Connected Dashcam",connected-dashcam.php,_self,0,en,1,,,,,,,
89,32,main,1,智慧車載資通訊,,_self,1,tw,1,,,,,,,
90,89,main,1,汽車行車記錄器,dashcam-recorder.php,_self,0,tw,1,"汽車行車記錄器 |  智慧移動 | 神達數位",使用神達數位高畫質的行車記錄器記錄旅程的所有重要時刻。,,,,,
91,90,main,1,單鏡頭行車記錄器,dashcam-recorder.php#single-cam-dashcam,_self,1,tw,1,,,,,,,
92,90,main,2,多鏡頭行車記錄器,dashcam-recorder.php#multi-view-dashcam,_self,1,tw,1,,,,,,,
93,90,main,3,電子後視鏡行車記錄器,dashcam-recorder.php#e-mirror-dashcam,_self,1,tw,1,,,,,,,
94,90,main,4,雷達二合一行車記錄器,dashcam-recorder.php#radar-combo-dashcam,_self,1,tw,1,,,,,,,
95,90,main,5,聯網型行車記錄器,dashcam-recorder.php#connected-dashcam,_self,1,tw,1,,,,,,,
96,90,main,6,經銷選配型行車記錄器,dashcam-recorder.php#dop-type-dashcam,_self,1,tw,1,,,,,,,
97,89,main,2,機車行車記錄器,motobike-smart-cam.php,_self,1,tw,1,"機車行車記錄器 |  智慧移動 | 神達數位",神達數位開發了新一代機車行車記錄器。輕巧方便易於使用，再次定義了輕鬆操作的標準。,,,,,
98,97,main,1,機車行車記錄器,motobike-smart-cam.php,_self,1,tw,1,,,,,,,
99,89,main,3,戶外導航機,outdoor-navigation.php,_self,1,tw,1,"戶外導航機 |  智慧移動 | 神達數位",神達數位Cyclo自行車導航讓您能夠與您的親友一同享受乘風的樂趣，提升您的騎乘體驗。,,,,,
100,99,main,1,Cyclo自行車導航,outdoor-navigation.php,_self,1,tw,1,,,,,,,
101,89,main,4,搭配軟體,auxiliary-software-smart-mobility.php,_self,0,tw,1,"搭配軟體 |  智慧移動 | 神達數位","神達數位開發出一系列行車記錄器及自行車導航的搭配軟體, 能提升產品效能並改善使用者經驗。",,,,,
102,101,main,1,行車記錄器應用程式,auxiliary-software-smart-mobility.php#mivue-pro,_self,1,tw,1,,,,,,,
103,101,main,2,行車記錄器電腦工具,auxiliary-software-smart-mobility.php#mivue-manager,_self,1,tw,1,,,,,,,
104,101,main,3,聯網型行車記錄器應用程式,auxiliary-software-smart-mobility.php#mionext,_self,1,tw,1,,,,,,,
105,101,main,4,自行車導航電腦工具&應用程式,auxiliary-software-smart-mobility.php#mioshare,_self,1,tw,1,,,,,,,
108,73,main,1,聯網型行車記錄器,video-telematics.php,_self,0,tw,2,,,,,,,
110,74,main,1,汽車導航,navigation.php#car-navigation,_self,1,tw,1,,,,,,,
111,74,main,2,越野導航,navigation.php#off-road-navigation,_self,1,tw,1,,,,,,,
112,76,main,1,車隊平板,fleet-management.php,_self,1,tw,1,,,,,,,
113,32,main,2,智慧車載資通訊,,_self,1,tw,1,,,,,,,
114,113,main,4,解決方案,solution.php,_self,0,tw,2,"解決方案 | 智慧車載資通訊 | 神達數位",神達數位車載資訊解決方案協助車隊提升安全、效率和永續發展性。能讓依賴實體運作的企業有效利用遠端監控資料來獲取有意義的商業洞見，並優化營運。,,,,,
115,114,main,1,車載視訊解決方案,solution.php#vt-solution,_self,1,tw,1,,,,,,,
116,114,main,2,路徑返回解決方案,solution.php#routecomplete,_self,1,tw,1,,,,,,,
117,32,main,3,智慧工業,,_self,1,tw,1,,,,,,,
118,117,main,1,平板,tablet.php,_self,0,tw,1,"平板 |  智慧工業 | 神達數位",神達數位平板裝置具有堅固耐用與多功能等特點，並與全球領導的車隊管理、物流、現場服務、醫療保健和零售領域的合作夥伴緊密合作開發。,,,,,
119,118,main,1,工業平板,tablet.php#industrial-tablet,_self,1,tw,1,,,,,,,
120,118,main,2,車用平板,tablet.php#fleet-tablet,_self,1,tw,1,,,,,,,
121,118,main,3,手持行動裝置,tablet.php#handy-terminal,_self,1,tw,1,,,,,,,
123,117,main,3,自助服務機,kiosk.php,_self,0,tw,1,"自助服務機 |  智慧工業 | 神達數位",神達數位自助服務機是一個時尚、高度互動且先進的自助服務解決方案，提供模組化硬體設計、強大的演算平台和工業級可靠性。,,,,,
124,123,main,1,自助服務機,kiosk.php,_self,0,tw,1,,,,,,,
125,117,main,4,搭配軟體,auxiliary-software-smart-industrial.php,_self,0,tw,1,"搭配軟體 |  智慧工業 | 神達數位","神達數位開發出一系列工業用平板的搭配軟體, 能提升產品效能並改善使用者經驗。",,,,,
126,125,main,1,行動裝置管理,auxiliary-software-smart-industrial.php#midm,_self,1,tw,1,,,,,,,
127,125,main,2,平板應用程式,auxiliary-software-smart-industrial.php#milock,_self,1,tw,1,,,,,,,
128,32,main,4,智慧物聯,,_self,1,tw,1,,,,,,,
129,128,main,1,戶外照明,outdoor-luminaires.php,_self,0,tw,1,"戶外照明 | 智慧物聯 | 神達數位","配備了智慧控制元件、彈性靈活的傳感器和攝影機, 神達數位定位型戶外照明解決方案實現了照明、監控、追蹤和感測的整合。",,,,,
130,129,main,1,連網模組,outdoor-luminaires.php,_self,0,tw,1,,,,,,,
131,2,main,5,"Smart Mobility",,_self,1,en,1,,,,,,,
132,131,main,1,"Dashcam Recorder",dashcam-recorder.php,_self,0,en,1,"Dashcam Recorder | Smart Mobility  | MiTAC","Record all your essential moments while driving with MiTAC pixel-perfect dashcams.",,,,,
133,132,main,1,"Single Cam Dashcam",dashcam-recorder.php#single-cam-dashcam,_self,1,en,1,,,,,,,
134,132,main,2,"Multi-View Dashcam",dashcam-recorder.php#multi-view-dashcam,_self,1,en,1,,,,,,,
135,132,main,3,"E-Mirror Dashcam",dashcam-recorder.php#e-mirror-dashcam,_self,1,en,1,,,,,,,
136,132,main,4,"Radar Combo Dashcam",dashcam-recorder.php#radar-combo-dashcam,_self,1,en,1,,,,,,,
137,132,main,5,"Connected Dashcam",dashcam-recorder.php#connected-dashcam,_self,1,en,1,,,,,,,
138,132,main,6,"DOP-Type Dashcam",dashcam-recorder.php#dop-type-dashcam,_self,1,en,1,,,,,,,
139,131,main,2,"Motobike Smart Cam",motobike-smart-cam.php,_self,1,en,1,"Motobike Smart Cam | Smart Mobility  | MiTAC","MiTAC has developed a new generation of rider cameras that are exceptionally user-friendly, redefining the standard for effortless operation.",,,,,
140,139,main,1,"Rider Cam",motobike-smart-cam.php,_self,1,en,1,,,,,,,
141,131,main,3,"Outdoor Navigation",outdoor-navigation.php,_self,1,en,1,"Outdoor Navigation | Smart Mobility  | MiTAC","MiTAC Cyclo cycling computer allows you to  enjoy the ride with your loved ones and level up your next trip. ",,,,,
142,141,main,1,"Cyclo Cycling Computer",outdoor-navigation.php,_self,1,en,1,,,,,,,
143,131,main,4,"Auxiliary Software",auxiliary-software-smart-mobility.php,_self,0,en,1,"Auxiliary Software | Smart Mobility  | MiTAC","MiTAC has developed a series of software applications that can be paired with dashcam and bicycle navigation, which can enhance product performance and improve user experience",,,,,
144,143,main,1,"Dashcam App",auxiliary-software-smart-mobility.php#mivue-pro,_self,1,en,1,,,,,,,
145,143,main,2,"Dashcam PC Tool",auxiliary-software-smart-mobility.php#mivue-manager,_self,1,en,1,,,,,,,
146,143,main,3,"Connected Dashcam App",auxiliary-software-smart-mobility.php#mionext,_self,1,en,1,,,,,,,
147,143,main,4,"Cyclo PC Tool & App",auxiliary-software-smart-mobility.php#mioshare,_self,1,en,1,,,,,,,
148,2,main,6,"Smart Telematics",,_self,1,en,1,,,,,,,
150,65,main,5,"Connected Dashcam",video-telematics.php,_self,0,en,2,,,,,,,
152,66,main,1,"Car Navigation",navigation.php#car-navigation,_self,1,en,1,,,,,,,
153,66,main,2,"Off Road Navigation",navigation.php#off-road-navigation,_self,1,en,1,,,,,,,
154,68,main,1,"Fleet Tablet",fleet-management.php,_self,1,en,1,,,,,,,
155,148,main,4,Solution,solution.php,_self,0,en,2,"Solution | Smart Telematics | MiTAC",,,,,,
156,155,main,1,"VT Solution",solution.php#vt-solution,_self,1,en,1,,,,,,,
157,155,main,2,"Route Management Platform",solution.php#routecomplete,_self,1,en,1,,,,,,,
158,2,main,7,"Smart Industries",,_self,1,en,1,,,,,,,
159,158,main,1,Tablet,tablet.php,_self,0,en,1,"Tablet | Smart Industries | MiTAC","MiTAC mobile devices are rugged, versatile, and durable, and they have been created in close partnership with global leaders in fleet management, logistics, field services, healthcare, and retail",,,,,
160,159,main,1,"Industrial Tablet",tablet.php#industrial-tablet,_self,1,en,1,,,,,,,
161,159,main,2,"Fleet Tablet",tablet.php#fleet-tablet,_self,1,en,1,,,,,,,
162,159,main,3,"Handy Terminal",tablet.php#handy-terminal,_self,1,en,1,,,,,,,
164,158,main,3,Kiosk,kiosk.php,_self,0,en,1,"Kiosk | Smart Industries | MiTAC","MiTAC Self-Service Kiosk is a stylish, highly interactive and state-of-the-art self-service solution that provides modular hardware design with powerful computing platform and industrial-grade reliability. ",,,,,
165,164,main,1,"Self-Service Kiosk",kiosk.php,_self,0,en,1,,,,,,,
166,158,main,4,"Auxiliary Software",auxiliary-software-smart-industrial.php,_self,0,en,1,"Auxiliary Software | Smart Industrials |   MiTAC","MiTAC has developed a series of software applications that can be paired with our indistrial tablet, which can enhance product performance and improve user experience. ",,,,,
167,166,main,1,"Mobile Device Management",auxiliary-software-smart-industrial.php#midm,_self,1,en,1,,,,,,,
168,166,main,2,"Tablet App",auxiliary-software-smart-industrial.php#milock,_self,1,en,1,,,,,,,
169,2,main,8,"Smart IOT",,_self,1,en,1,,,,,,,
170,169,main,1,"Outdoor Luminaires",outdoor-luminaires.php,_self,0,en,1,"Outdoor Luminaires | Smart IOT | MiTAC","Equipped with a smart control unit, flexible sensors, and a camera, MiTAC location-based outdoor luminaire solution realizes the integration of lighting, monitoring, tracking, and sensing",,,,,
171,170,main,1,"Connectivity Module",outdoor-luminaires.php,_self,0,en,1,,,,,,,
172,156,main,1,"VT Solution-VisionMax™",vt-solution.php,_self,1,en,2,"Video Telematics Solution | Solution | Smart Telematics | MiTAC","VisionMax is a comprehensive fleet management solution, and powerful panoramic perception  for leading security and fleet safety. Our AI Dash cam alerts drivers in real time to help minimize risk, improve driver performance, and transform fleet safety.",,,,,
173,65,main,6,K165/K265,connected-dashcam-K165-K265.php,_self,1,en,2,"K165/K265 | Video Telematics | Smart Telematics | MiTAC","K165/K265 fleet dash cams powered by the leading AI processor and HD video recording, supports multiple dash cams (up to 7 channels), offers you with premium and surrounded secure solution, tracking & monitor your fleet, automate coaching, and real time video recording to protect your drivers and business.",,,,,
174,65,main,7,K145/K245,connected-dashcam-K145-K245.php,_self,1,en,2,"K145/K245 | Video Telematics | Smart Telematics | MiTAC","K145/K245 fleet dash cams powered by the leading AI processor and HD video recording, offers you a better option to optimal the space usage, tracking & monitor your fleet, automate coaching, and real time video recording to protect your drivers and business.",,,,,
175,65,main,8,K145C/K245C,connected-dashcam-K145C-K245C.php,_self,1,en,2,"K145C/245C | Video Telematics | Smart Telematics | MiTAC","K145c/K245c fleet dash cams powered by the leading AI processor and HD video recording, offers you best options which certified by US telecommunications providers (Verizon, T-Mobile, AT&T), tracking & monitor your fleet, automate coaching, and real time video recording to protect your drivers and business.",,,,,
176,65,main,9,K220,connected-dashcam-K220.php,_self,1,en,2,"K220 | Video Telematics | Smart Telematics | MiTAC","K220 fleet dash cams powered by the leading AI processor and HD video recording, offers you an new affordable options and reducing costs, tracking & monitor your fleet, automate coaching, and real time video recording to protect your drivers and business.",,,,,
177,65,main,10,FAQ,faq.php,_self,0,en,2,FAQ,"Connected Dashcam & VisionMax™ FAQ",,,,,
178,73,main,6,K165/K265,connected-dashcam-K165-K265.php,_self,1,tw,2,"K165/265 | 車載視訊 |  智慧車載資通訊 | 神達數位","K165/K265 是一款功能強大的AI處理和高畫質的車隊用行車紀錄器, 為您需要針對大型卡車駕駛需多路監控影像的最佳選擇，並針對車隊管理監控、駕駛輔導、即時錄影來保護您的駕駛及企業。",,,,,
179,115,main,1,車載視訊解決方案,vt-solution.php,_self,1,tw,2,"車載視訊解決方案 | 解決方案 | 智慧車載資通訊 | 神達數位",VisionMax提供全方位的車隊管理解決方案，強大的全景監控保障車隊駕駛安全和減少資產損失。我們的AI行車紀錄器會及時提醒駕駛以降低行車風險、提升駕駛表現和維護車隊開車安全。,,,,,
180,73,main,7,K145/K245,connected-dashcam-K145-K245.php,_self,1,tw,2,"K145/K245 | 車載視訊 |  智慧車載資通訊 | 神達數位",K145/K245是一款具有AI處理和高畫質錄影功能強大的車隊用行車紀錄器，為精巧體積產品的最佳選擇，可提供車隊行車安全管理兼具體積精巧的機型，並針對車隊管理監控、駕駛輔導、即時錄影來保護您的駕駛及企業。,,,,,
181,73,main,8,K145C/K245C,connected-dashcam-K145C-K245C.php,_self,1,tw,2,"K145C/245C | 車載視訊 | 智慧車載資通訊 | 神達數位","K145c/K245c是一款具有AI處理和高畫質錄影功能強大的車隊用行車紀錄器，為您須通過美國電信商認證(Verizon, T-Mobile, AT&T)的最佳選擇，並針對車隊管理監控、駕駛輔導、即時錄影來保護您的駕駛及企業。",,,,,
182,73,main,9,K220,connected-dashcam-K220.php,_self,1,tw,2,"K220 | 車載視訊 |  智慧車載資通訊 | 神達數位",K220是一款具有AI處理和高畫質錄影功能強大的車隊用行車紀錄器，為經濟實惠的最佳選擇，並針對車隊管理監控、駕駛輔導、即時錄影來保護您的駕駛及企業。,,,,,
183,73,main,10,FAQ,faq.php,_self,0,tw,2,FAQ,"聯網型行車記錄器 & VisionMax™ 常見問題",,,,,
184,7,main,7,"Investor Information",https://www.mitac.com/en-global/ir_information/index,_target,1,en,1,,,,,,,
185,,main,1,產品,,_self,1,tw,1,,,,,,,
186,,main,1,Product,,_self,1,en,1,,,,,,,
187,,main,2,解決方案,,_self,1,tw,1,,,,,,,
188,,main,2,Solution,,_self,1,en,1,,,,,,,
189,185,main,1,行車記錄器,dashcam-recorder.php,_self,1,tw,1,"汽車行車記錄器 | 智慧移動 | 神達數位",使用神達數位高畫質的行車記錄器記錄旅程的所有重要時刻。,,行車記錄器,安心開始您的旅程吧,189.png,https://www.mitacmdt.com/tw/dashcam-recorder.php
190,186,main,1,"Dashcam Recorder",dashcam-recorder.php,_self,1,en,1,"Dashcam Recorder | Smart Mobility  | MiTAC","Record all your essential moments while driving with MiTAC pixel-perfect dashcams.",,"Dashcam Recorder","Begin your journey with a peace of mind",190.png,https://www.mitacmdt.com/en/dashcam-recorder.php
191,185,main,2,車載視訊,video-telematics.php,_self,1,tw,2,"車載視訊 | 智慧車載資通訊 | 神達數位","神達數位聯網型行車記錄器系列是一體式車隊互聯鏡頭解決方案，可更有前瞻性地幫助車隊經理解決視頻遠程信息處理",,聯網型行車記錄器,多功能車隊聯網視訊解決方案,191.png,https://www.mitacmdt.com/tw/video-telematics.php
192,186,main,2,"Video Telematics",video-telematics.php,_self,1,en,2,"Video Telematics | Smart Telematics | MiTAC","MiTAC connected dashcam series can provide an all-in-one fleet connected camera solution which helps fleet managers evolve their solutions into forward-thinking video telematics.",,"Connected Dashcam","All-in-one fleet connected camera solution",192.png,https://www.mitacmdt.com/en/video-telematics.php
193,185,main,3,導航,navigation.php,_self,1,tw,1,"導航 | 智慧移動 | 神達數位","神達數位可靠且全方位的GPS 導航系統能夠消除行車時的不確定性因素。",,導航,"可靠且全方位的GPS 導航系統協助消除行車時的不確定性因素",193.png,https://www.mitacmdt.com/tw/navigation.php
194,186,main,3,Navigation,navigation.php,_self,1,en,1,"Navigation | Smart Telematics | MiTAC","MiTAC dependable and comprehensive GPS navigation systems for cars eliminate any uncertainty while driving.",,Navigation,"Dependable and comprehensive GPS navigation systems eliminate any uncertainty while driving",194.png,https://www.mitacmdt.com/en/navigation.php
195,185,main,4,嵌入式系統,embedded-system.php,_self,1,tw,1,"嵌入式系統 | 神達數位","MiTAC 的工業主板系列，包括 Micro ATX、Mini-ITX、SBC 和 COMe，具有高耐用性、強大的計算能力、豐富的 I/O 連接性和可擴展性，為各種垂直和工業應用提供了理想的解決方案。",,嵌入式系統,提供計算、控制和連接功能的工業級各類型嵌入式系統，適用於嚴苛操作環境與不同場域空間大小,195.png,https://www.mitacmdt.com/tw/embedded-system.php
196,186,main,4,"Embedded System",embedded-system.php,_self,1,en,1,"Embedded System | MiTAC","MiTAC's industrial motherboards, ranging from Micro ATX, Mini-ITX, and SBC to COMe, feature high longevity, robust computing capability, rich I/O connectivity, expandability, and provide an ideal solution for various vertical and industrial applications.",,"Embedded System","Versatile Embedded System for harsh environment usage on Computing, Control, and Connectivity",196.png,https://www.mitacmdt.com/en/embedded-system.php
197,185,main,5,工業級主機板,embedded-motherboard.php,_self,1,tw,1,"工業級主機板 | 神達數位",,,工業級主機板,配有豐富接口與擴充功能的工業級嵌入式主機板，並提供搭配各式Intel最新處理器的多樣板型,197.png,https://www.mitacmdt.com/tw/embedded-motherboard.php
198,186,main,5,"Embedded Motherboard",embedded-motherboard.php,_self,1,en,1,"Embedded Motherboard | MiTAC",,,"Embedded Motherboard","Multiple Form Factor Selections, Industrial-grade Design, Rich Expansion and Legacy I/O Connectivity",198.png,https://www.mitacmdt.com/en/embedded-motherboard.php
199,185,main,6,平板,tablet.php,_self,1,tw,1,"平板 |  智慧工業 | 神達數位",神達數位平板裝置具有堅固耐用與多功能等特點，並與全球領導的車隊管理、物流、現場服務、醫療保健和零售領域的合作夥伴緊密合作開發。,,平板,堅固、多功能且耐用的行動裝置，與全球頂尖的車隊管理、物流、現場服務、醫療及零售產業夥伴建立緊密的合作關係,199.png,https://www.mitacmdt.com/tw/tablet.php
200,186,main,6,Tablet,tablet.php,_self,1,en,1,"Tablet | Smart Industries | MiTAC","MiTAC mobile devices are rugged, versatile, and durable, and they have been created in close partnership with global leaders in fleet management, logistics, field services, healthcare, and retail",,Tablet,"Rugged, versatile, and durable mobile devices in collaboration with leading global experts in fleet management, logistics, field services, healthcare, and retail",200.png,https://www.mitacmdt.com/en/tablet.php
203,185,main,8,工業級觸控螢幕電腦,industrial-panel-pc.php,_self,1,tw,1,"工業級觸控螢幕電腦 | 神達數位","MiTAC 的觸控面板電腦系列結合了觸控介面與強大的計算能力，非常適合工業控制、人機介面（HMI）和自動化應用。這些耐用且多功能的設備設計易於整合到各種環境中，確保在苛刻條件下的穩定性能。",,工業級觸控螢幕電腦,"工業等級控螢幕電腦, 具備10點觸控、無風扇和IP65防塵/防水的特色",203.png,https://www.mitacmdt.com/tw/industrial-panel-pc.php
204,186,main,8,"Industrial Panel PC",industrial-panel-pc.php,_self,1,en,1,"Industrial Panel PC | MiTAC","MiTAC's panel PC series combines touchscreen interfaces with powerful computing capabilities, making them ideal for industrial control, HMI (Human-Machine Interface), and automation applications. These durable and versatile devices are designed for easy integration into various environments, ensuring reliable performance in demanding conditions.",,"Industrial Panel PC","Industrial-grade Panel, 10 Point Touch, Fanless design and IP65 Dust/Water Resistant",204.png,https://www.mitacmdt.com/en/industrial-panel-pc.php
205,185,main,9,自助服務機,kiosk.php,_self,1,tw,1,"自助服務機 |  智慧工業 | 神達數位","神達數位自助服務機是一個時尚、高度互動且先進的自助服務解決方案，提供模組化硬體設計、強大的演算平台和工業級可靠性。",,自助服務機,將您的業務提升至更高的水準,205.png,https://www.mitacmdt.com/tw/kiosk.php
206,186,main,9,Kiosk,kiosk.php,_self,1,en,1,"Kiosk | Smart Industries | MiTAC","MiTAC Self-Service Kiosk is a stylish, highly interactive and state-of-the-art self-service solution that provides modular hardware design with powerful computing platform and industrial-grade reliability. ",,"Self-Service Kiosk","Take your business to the next level",206.png,https://www.mitacmdt.com/en/kiosk.php
207,185,main,10,戶外照明,outdoor-luminaires.php,_self,1,tw,1,"戶外照明 | 智慧物聯 | 神達數位","配備了智慧控制元件、彈性靈活的傳感器和攝影機, 神達數位定位型戶外照明解決方案實現了照明、監控、追蹤和感測的整合。",,連網模組,無縫且便捷的連網,207.png,https://www.mitacmdt.com/tw/outdoor-luminaires.php
208,186,main,10,"Outdoor Luminaires",outdoor-luminaires.php,_self,1,en,1,"Outdoor Luminaires | Smart IOT | MiTAC","Equipped with a smart control unit, flexible sensors, and a camera, MiTAC location-based outdoor luminaire solution realizes the integration of lighting, monitoring, tracking, and sensing",,"Connectivity Module","Seamless and convenient connections",208.png,https://www.mitacmdt.com/en/outdoor-luminaires.php
209,187,main,1,智慧移動,auxiliary-software-smart-mobility.php,_self,1,tw,1,"搭配軟體 |  智慧移動 | 神達數位","神達數位開發出一系列行車記錄器及自行車導航的搭配軟體, 能提升產品效能並改善使用者經驗。",,智慧移動,友善使用者設計的軟體有效提升檔案傳輸、觀看、與管理效率,209.png,https://www.mitacmdt.com/tw/auxiliary-software-smart-mobility.php
210,188,main,1,"Smart Mobility",auxiliary-software-smart-mobility.php,_self,1,en,1,"Auxiliary Software | Smart Mobility  | MiTAC","MiTAC has developed a series of software applications that can be paired with dashcam and bicycle navigation, which can enhance product performance and improve user experience",,"Smart Mobility","User-friendly softwares for clips transfer, review, and management",210.png,https://www.mitacmdt.com/en/auxiliary-software-smart-mobility.php
211,187,main,2,智慧車載資通訊,solution.php,_self,1,tw,1,"解決方案 | 智慧車載資通訊 | 神達數位",神達數位車載資訊解決方案協助車隊提升安全、效率和永續發展性。能讓依賴實體運作的企業有效利用遠端監控資料來獲取有意義的商業洞見，並優化營運。,,智慧車載資通訊,協助車隊提升安全、效率和永續發展性,211.png,https://www.mitacmdt.com/tw/solution.php
212,188,main,2,"Smart Telematics",solution.php,_self,1,en,1,"Solution | Smart Telematics | MiTAC",,,"Smart Telematics","Assisting fleets in enhancing safety, efficiency, and sustainability",212.png,https://www.mitacmdt.com/en/solution.php
213,187,main,3,智慧工業,auxiliary-software-smart-industrial.php,_self,1,tw,1,"搭配軟體 |  智慧工業 | 神達數位","神達數位開發出一系列工業用平板的搭配軟體, 能提升產品效能並改善使用者經驗。",,智慧工業,遠端無縫配置、管理、部署裝置的設定、應用程式或裝置更新,213.png,https://www.mitacmdt.com/tw/auxiliary-software-smart-industrial.php
214,188,main,3,"Smart Industries",auxiliary-software-smart-industrial.php,_self,1,en,1,"Auxiliary Software | Smart Industrials |   MiTAC","MiTAC has developed a series of software applications that can be paired with our indistrial tablet, which can enhance product performance and improve user experience. ",,"Smart Industries","Seamlessly configure, manage, deploy device configurations, files and application or device updates - all remotely",214.png,https://www.mitacmdt.com/en/auxiliary-software-smart-industrial.php
215,189,main,1,汽車用,dashcam-recorder.php,_self,1,tw,1,,,,,,,
216,190,main,1,In-Vehicle,dashcam-recorder.php,_self,1,en,1,,,,,,,
217,189,main,2,機車用,motobike-smart-cam.php,_self,1,tw,1,,,,,,,
218,190,main,2,Motorbike,motobike-smart-cam.php,_self,1,en,1,,,,,,,
219,191,main,1,聯網型行車記錄器,video-telematics.php,_self,1,tw,2,,,,,,,
220,192,main,1,"Connected Dashcam",video-telematics.php,_self,1,en,2,,,,,,,
221,205,main,1,自助服務機,kiosk.php,_self,1,tw,1,,,,,,,
222,206,main,1,"Self-Service Kiosk",kiosk.php,_self,1,en,1,,,,,,,
223,209,main,1,搭配軟體,auxiliary-software-smart-mobility.php,_self,1,tw,1,,,,,,,
224,210,main,1,"Ausiliay Software",auxiliary-software-smart-mobility.php,_self,1,en,1,,,,,,,
225,215,main,1,單鏡頭行車記錄器,dashcam-recorder.php#single-cam-dashcam,_self,1,tw,1,,,,,,,
226,216,main,1,"Single Cam Dashcam",dashcam-recorder.php#single-cam-dashcam,_self,1,en,1,,,,,,,
227,215,main,2,多鏡頭行車記錄器,dashcam-recorder.php#multi-view-dashcam,_self,1,tw,1,,,,,,,
228,216,main,2,"Multi-View Dashcam",dashcam-recorder.php#multi-view-dashcam,_self,1,en,1,,,,,,,
229,215,main,3,電子後視鏡行車記錄器,dashcam-recorder.php#e-mirror-dashcam,_self,1,tw,1,,,,,,,
230,216,main,3,"E-Mirror Dashcam",dashcam-recorder.php#e-mirror-dashcam,_self,1,en,1,,,,,,,
231,215,main,4,雷達二合一行車記錄器,dashcam-recorder.php#radar-combo-dashcam,_self,1,tw,1,,,,,,,
232,216,main,4,"Radar Combo Dashcam",dashcam-recorder.php#radar-combo-dashcam,_self,1,en,1,,,,,,,
233,215,main,5,聯網型行車器記錄器,dashcam-recorder.php#connected-dashcam,_self,1,tw,1,,,,,,,
234,216,main,5,"Connected Dashcam",dashcam-recorder.php#connected-dashcam,_self,1,en,1,,,,,,,
235,215,main,6,經銷選配型行車記錄器,dashcam-recorder.php#dop-type-dashcam,_self,1,tw,1,,,,,,,
236,216,main,6,"DOP-Type Dashcam",dashcam-recorder.php#dop-type-dashcam,_self,1,en,1,,,,,,,
237,217,main,7,機車行車記錄器,motobike-smart-cam.php,_self,1,tw,1,,,,,,,
238,218,main,7,"Rider Cam",motobike-smart-cam.php,_self,1,en,1,,,,,,,
239,223,main,1,行車記錄器應用程式,auxiliary-software-smart-mobility.php#mivue-pro,_self,1,tw,1,,,,,,,
240,224,main,1,"Dashcam App",auxiliary-software-smart-mobility.php#mivue-pro,_self,1,en,1,,,,,,,
241,223,main,2,行車記錄器電腦工具,auxiliary-software-smart-mobility.php#mivue-manager,_self,1,tw,1,,,,,,,
242,224,main,2,"Dashcam PC Tool",auxiliary-software-smart-mobility.php#mivue-manager,_self,1,en,1,,,,,,,
243,223,main,3,聯網型行車記錄器應用程式,auxiliary-software-smart-mobility.php#mionext,_self,1,tw,1,,,,,,,
244,224,main,3,"Connected Dashcam App",auxiliary-software-smart-mobility.php#mionext,_self,1,en,1,,,,,,,
245,223,main,4,自行車導航電腦工具&應用程式,auxiliary-software-smart-mobility.php#mioshare,_self,1,tw,1,,,,,,,
246,224,main,4,"Cyclo PC Tool & App",auxiliary-software-smart-mobility.php#mioshare,_self,1,en,1,,,,,,,
247,193,main,1,汽車導航,navigation.php#car-navigation,_self,1,tw,1,,,,,,,
248,194,main,1,"Car Navigation",navigation.php#car-navigation,_self,1,en,1,,,,,,,
249,193,main,2,越野導航,navigation.php#off-road-navigation,_self,1,tw,1,,,,,,,
250,194,main,2,"Off Road Navigation",navigation.php#off-road-navigation,_self,1,en,1,,,,,,,
251,193,main,3,Cyclo自行車導航,navigation.php#cyclo-cycling-computer,_self,1,tw,1,,,,,,,
252,194,main,3,"Cyclo Cycling Computer",navigation.php#cyclo-cycling-computer,_self,1,en,1,,,,,,,
253,195,main,1,嵌入式系統,embedded-system.php,_self,1,tw,1,"嵌入式系統 | 神達數位","MiTAC 的嵌入式系統系列提供堅固且緊湊的解決方案，專為工業應用設計，具有高性能和高可靠性，適用於惡劣環境。這些系統非常適合需要長期穩定性的任務，例如物聯網、工業自動化和邊緣 AI 計算。",,,,,
254,196,main,1,"Embedded System",embedded-system.php,_self,1,en,1,Embedded System | MiTAC,"MiTAC's embedded system series offers robust, compact solutions designed for industrial applications, featuring high performance and reliability in harsh environments. These systems are ideal for tasks requiring long-term stability, such as in IoT, automation, and edge AI computing.",,,,,
261,197,main,1,"工業級主機板",embedded-motherboard.php,_self,1,tw,1,,,,,,,
262,198,main,1,"Embedded Motherboard",embedded-motherboard.php,_self,1,en,1,,,,,,,
275,199,main,1,工業平板,tablet.php#industrial-tablet,_self,1,tw,1,,,,,,,
276,200,main,1,"Industrial Tablet",tablet.php#industrial-tablet,_self,1,en,1,,,,,,,
277,199,main,2,車用平板,tablet.php#fleet-tablet,_self,1,tw,1,,,,,,,
278,200,main,2,"Fleet Tablet",tablet.php#fleet-tablet,_self,1,en,1,,,,,,,
279,199,main,3,手持行動裝置,tablet.php#handy-terminal,_self,1,tw,1,,,,,,,
280,200,main,3,"Handy Terminal",tablet.php#handy-terminal,_self,1,en,1,,,,,,,
281,199,main,4,強固型平板電腦,https://ipc.mitacmdt.com/EN/products/Rugged_Tablet/,_blank,1,tw,1,,,,,,,
282,200,main,4,"Rugged Tablet",https://ipc.mitacmdt.com/EN/products/Rugged_Tablet/,_blank,1,en,1,,,,,,,
285,203,main,1,工業級觸控螢幕電腦,industrial-panel-pc.php,_self,1,tw,1,,,,,,,
286,204,main,1,"Industrial Panel PC",industrial-panel-pc.php,_self,1,en,1,,,,,,,
289,211,main,1,解決方案,solution.php,_self,1,tw,1,,,,,,,
290,212,main,1,Solution,solution.php,_self,1,en,1,,,,,,,
291,289,main,1,車載視訊解決方案,solution.php#vt-solution,_self,1,tw,1,,,,,,,
292,290,main,1,"VT Solution",solution.php#vt-solution,_self,1,en,1,,,,,,,
293,289,main,2,路徑返回解決方案,solution.php#routecomplete,_self,1,tw,1,,,,,,,
294,290,main,2,"Route Management Platform",solution.php#routecomplete,_self,1,en,1,,,,,,,
295,307,main,3,行動裝置管理,auxiliary-software-smart-industrial.php#midm,_self,1,tw,1,,,,,,,
296,308,main,3,"Mobile Device Management",auxiliary-software-smart-industrial.php#midm,_self,1,en,1,,,,,,,
297,307,main,4,平板應用程式,auxiliary-software-smart-industrial.php#milock,_self,1,tw,1,,,,,,,
298,308,main,4,"Tablet App",auxiliary-software-smart-industrial.php#milock,_self,1,en,1,,,,,,,
299,213,main,1,搭配軟體,auxiliary-software-smart-industrial.php,_self,1,tw,1,,,,,,,
300,214,main,1,"Auxiliary Software",auxiliary-software-smart-industrial.php,_self,1,en,1,,,,,,,
301,299,main,1,行動裝置管理,auxiliary-software-smart-industrial.php#midm,_self,1,tw,1,,,,,,,
302,300,main,1,"Mobile Device Management",auxiliary-software-smart-industrial.php#midm,_self,1,en,1,,,,,,,
303,299,main,2,平板應用程式,auxiliary-software-smart-industrial.php#milock,_self,1,tw,1,,,,,,,
304,300,main,2,"Tablet App",auxiliary-software-smart-industrial.php#milock,_self,1,en,1,,,,,,,
305,207,main,1,連網模組,outdoor-luminaires.php,_self,1,tw,1,,,,,,,
306,208,main,1,"Connectivity Module",outdoor-luminaires.php,_self,1,en,1,,,,,,,
307,211,main,2,搭配軟體,auxiliary-software-smart-industrial.php,_self,1,tw,1,,,,,,,
308,212,main,2,"Auxiliary Software",auxiliary-software-smart-industrial.php,_self,1,en,1,,,,,,,
